Book ID,"	Book Name","	Author ","	Publication","	Status","	Position"
1,"	Advaced Computer Architecture","	M Maheswari and Ambeth","	sree kamalamani publications","	Available","	1"
2,"	Advanced computer architecutre","	Kai Hwang","	tata mc graw hill","	Available","	1"
3,"	Advanced Computer architecutre","	G.Elangovan","	magnus publications","	unavailable","	1"
4,"	Advanced Computer architecutre","	IA Dothre","	technical publications","	Available","	1"
5,"	Advanced micrroprocessors and Peripherals","	K M Bhurchandi","	tata mc graw hill","	Available","	1"
6,"	Algorithms","	Sanjay das Gupta","	tata mc graw hill","	Available","	1"
7,"	Algorithms in C++","	Robert Sedgewick","	pearson	unavailable",unavailable,1
8,"	An embedded software Primer","	David E Simon","	pearson","	Available","	1"
9,"	An Introduction to Intel Family of Microprocessor","	James L.Anotonakos","	pearson","	Available","	1"
10,"	An Introduction to Intel Family of Microprocessor","	K.Muralibabu","	ars publications","	Available","	1"
